mes,peso_total,funcionarios,dias,horas_dia,total_horas,kg_hora_func,variacao_percentual
janeiro,70000000.0,20,24,8,3840,18229.166666666668,
fevereiro,70000234.0,20,24,8,3840,18229.227604166666,0.0003342857142777315
março,90000234.0,20,23,8,3680,24456.585326086955,34.16139102074132
abril,619886.776,13,24,8,2496,248.3520737179487,-98.98451860549379
